cluster,users,train_MAE,test_MAE
0,4000,1.8951952808786598,3.8285438258200886
1,4000,1.3829006761778146,1.5967588465660811
2,4000,2.789266136214137,3.1370079670101405
